,Cumulative Return,Average Daily Return,Std Daily Return,Sharpe Ratio,Final Value
ManualStrategy,-0.06678749999999845,-0.00010619425054747401,0.007908212943644547,-0.2131684462335815,93321.25000000016
StrategyLearner,-0.1350934999999941,-0.00027118847737080045,0.005886008448533732,-0.731392701002468,86490.65000000059
Benchmark,-0.0853088167943904,-0.00014117507975314048,0.008501283953123787,-0.26361722846060603,91273.1
